user_id,user_name,user_age,user_country,created_at
1,Norma Fisher,65,United States,2024-02-07
2,Jorge Sullivan,28,United States,2024-11-28
3,Elizabeth Woods,19,United States,2024-11-16
4,Susan Wagner,45,United States,2024-06-14
5,Peter Montgomery,61,United States,2024-07-24
6,Theodore Mcgrath,58,United States,2024-12-12
7,Stephanie Collins,68,United States,2024-04-16
8,Stephanie Sutton,53,United States,2024-05-04
9,Brian Hamilton,34,United States,2024-09-15
10,Susan Levy,18,United States,2024-09-08
11,Sean Green,24,United States,2024-02-20
12,Kimberly Smith,22,United States,2024-05-04
13,Jennifer Summers,29,United States,2024-04-26
14,April Snyder,48,United States,2024-11-06
15,Dana Nguyen,21,United States,2024-05-28
16,Cheryl Bradley,45,United States,2024-10-13
17,Walter Pratt,60,United States,2024-01-14
18,Bobby Flores,55,United States,2024-04-20
19,Tasha Rodriguez,45,United States,2024-09-05
20,Michelle Kelley,55,United States,2024-07-09
21,Kimberly Maynard,20,United States,2024-11-18
22,Laurie Wallace,35,United States,2024-09-20
23,Janice Johnston,64,United States,2024-10-23
24,Collin Lopez,37,United States,2024-05-20
25,Mary Alvarez,63,United States,2024-10-12
26,Peter Mcdowell,41,United States,2024-03-04
27,Sarah Villanueva,59,United States,2024-02-13
28,Kimberly Myers,50,United States,2024-10-06
29,Desiree Cain,22,United States,2024-10-20
30,Stephanie Lawrence,54,United States,2024-09-23
31,Lauren Hayes,55,United States,2024-10-15
32,Whitney Stark,43,United Kingdom,2024-12-28
33,Angela Salazar,46,United States,2024-12-17
34,Mr. Ryan Sanchez,37,United States,2024-02-01
35,Autumn Robinson,68,United States,2024-09-14
36,Faith Cabrera,41,United States,2024-02-20
37,Charles Wolfe,68,United States,2024-10-02
38,Kenneth Kent,18,United States,2024-10-26
39,Melanie Johnson,26,United States,2024-11-20
40,Lisa Johnston,33,United States,2024-06-18
41,Jacob Hooper,69,United States,2024-02-11
42,Alex Woodward,53,United States,2024-07-10
43,Caleb Clark,37,United States,2024-03-16
44,Taylor Johnson,27,United States,2024-12-08
45,Brian Green,34,United States,2024-01-30
46,Matthew Bell,36,United States,2024-09-04
47,Jonathan Williams,36,United States,2024-11-23
48,William Gonzalez,46,United States,2024-06-25
49,Nicholas Massey,47,United States,2024-03-19
50,Caroline Chambers,61,United States,2024-01-29
51,Amy Lowe,54,United States,2024-06-07
52,Gloria King,26,United States,2024-10-02
53,Jessica Thompson,58,United States,2024-11-08
54,Jason Carroll,45,United States,2024-12-03
55,Emily Howard,57,United States,2024-03-19
56,Danielle Castro,20,United States,2024-06-30
57,Patrick Rogers,48,United States,2024-02-07
58,Douglas Allen,52,United States,2024-10-08
59,Heather Roberts,18,United States,2024-12-06
60,Travis Schultz,56,United States,2024-09-17
61,Michelle Hughes,27,United States,2024-04-05
62,Matthew Smith,65,United States,2024-01-26
63,George Allen,54,United States,2024-11-11
64,Jamie Hutchinson,59,United States,2024-05-29
65,Jennifer Morales,28,United States,2024-05-04
66,Jennifer Bates,69,United States,2024-03-02
67,Jeremy Green,49,United States,2024-06-11
68,Joseph Freeman,34,United States,2024-06-07
69,Nicole Henson,27,United States,2024-11-09
70,Eric Owens PhD,48,United States,2024-01-17
71,Robin Lopez,66,United States,2024-01-24
72,Miss Angela Swanson DVM,32,United States,2024-03-05
73,Michael Stewart,19,United States,2024-06-16
74,Mitchell Smith,18,United States,2024-06-30
75,Kelsey Davis,52,United States,2024-09-15
76,Matthew Russo,61,United States,2024-06-27
77,William Garcia,56,United States,2024-07-03
78,Jennifer Miller,58,United States,2024-11-17
79,Jesse Sparks,24,United States,2024-06-27
80,Brandi Meyer,50,United States,2024-12-19
81,Hannah Wiggins,23,United States,2024-04-29
82,Albert Williams,35,United States,2024-04-17
83,Kristin Potts,67,United States,2024-07-14
84,Susan Williams,26,United States,2024-01-20
85,Meredith Rios,35,Australia,2024-07-06
86,Stephanie Bowman,44,United States,2024-02-23
87,Joshua Clark,46,United States,2024-12-05
88,Alexa Hernandez,49,United States,2024-02-24
89,Richard Higgins,37,United States,2024-03-04
90,Marc Williams,54,United States,2024-05-11
91,William Roberts,34,United States,2024-05-15
92,Joshua Carter,60,United States,2024-11-09
93,David Williams,34,United States,2024-05-28
94,Joseph Jones,20,United States,2024-01-24
95,Gary Perry,36,United States,2024-08-13
96,Terry Wells,35,United States,2024-09-02
97,Vanessa Cooper,54,United States,2024-07-19
98,Michael Simmons,28,United States,2024-04-07
99,Nicholas Kline,65,United States,2024-07-19
100,Lori Bennett,58,United States,2024-12-16